date,time,user
28.01.2017,13:19,Гермиона Гренджер
28.01.2017,13:19,Гермиона Гренджер
28.01.2017,13:43,Гермиона Гренджер
28.01.2017,13:43,Гермиона Гренджер
28.01.2017,13:43,Гарри Поттер
28.01.2017,15:12,Гермиона Гренджер
28.01.2017,15:12,Чжоу Чанг
28.01.2017,15:13,Ко́лин Кри́ви
28.01.2017,15:13,Фред Уизли
28.01.2017,15:13,Полная Дама
28.01.2017,15:13,Анжелина Джонсон
28.01.2017,15:13,Полумна Лавгуд
28.01.2017,15:13,Джиффорд Аббот
28.01.2017,15:14,Рон Уизли
28.01.2017,15:14,Ребиус Хагригд
28.01.2017,15:15,Джиффорд Аббот
28.01.2017,19:11,Гермиона Гренджер
28.01.2017,19:12,Гермиона Гренджер
28.01.2017,19:14,Гермиона Гренджер
